Class,Best Threshold,Best F1-Score,Default Threshold,Default F1-Score
1,0.453,0.9528535980148883,0.5,0.9515527950310559
2,0.434,0.7661691542288558,0.5,0.7503267973856209
3,0.379,0.7907514450867051,0.5,0.7636363636363637
4,0.437,0.9701492537313433,0.5,0.9660377358490566
5,0.505,0.9749373433583959,0.5,0.9737171464330413
